sample,OTU,reads,relabd,sporo_abd,abs_reads,abs_rel_abundance,log10abs_rel_abundance,log10relabd,Media,Abx,Culture.Condition,genus,family
RBIinput_2,Otu33,4803,0.0013981238418102778,0.008283367071112486,0.011599442534708607,0.0013981238418102778,-2.8544543583237036,-2.8544543583237036,Starting sample 2,NA,Starting sample 2 + NA,Parabacteroides,Porphyromonadaceae
RBIinput_2,Otu5,18172,0.005289757745862246,0.008283367071112486,0.04388612736638035,0.005289757745862246,-2.2765642168200775,-2.2765642168200775,Starting sample 2,NA,Starting sample 2 + NA,Parabacteroides,Porphyromonadaceae
RBIinput_2,Otu3,28456,0.008283367071112486,0.008283367071112486,0.06872241032014743,0.008283367071112486,-2.0817930927849417,-2.0817930927849417,Starting sample 2,NA,Starting sample 2 + NA,Sporosarcina,Planococcaceae
RBIinput_2,Otu12,42810,0.012461728433874244,0.008283367071112486,0.10338791066226846,0.012461728433874242,-1.9044217171283564,-1.9044217171283564,Starting sample 2,NA,Starting sample 2 + NA,Bifidobacterium,Bifidobacteriaceae
RBIinput_2,Otu24,3751,0.0010918930940308875,0.008283367071112486,0.00905881926872621,0.0010918930940308875,-2.961819880811943,-2.961819880811943,Starting sample 2,NA,Starting sample 2 + NA,Parasutterella,Sutterellaceae
RBIinput_2,Otu54,35802,0.01042174261596743,0.008283367071112486,0.08646330244173174,0.01042174261596743,-1.9820596567349242,-1.9820596567349242,Starting sample 2,NA,Starting sample 2 + NA,Blautia,Lachnospiraceae
RBIinput_2,Otu49,41781,0.012162192845029193,0.008283367071112486,0.10090283334221534,0.012162192845029191,-1.9149881146490466,-1.9149881146490464,Starting sample 2,NA,Starting sample 2 + NA,Anaerobutyricum,Lachnospiraceae
RBIinput_2,Otu1,11297,0.003288487412227922,0.008283367071112486,0.027282719615782457,0.003288487412227922,-2.4830038162071624,-2.4830038162071624,Starting sample 2,NA,Starting sample 2 + NA,Escherichia/Shigella,Enterobacteriaceae
RBIinput_2,Otu78,6541,0.001904044982153035,0.008283367071112486,0.01579678401405975,0.0019040449821530346,-2.7203227958307004,-2.7203227958307004,Starting sample 2,NA,Starting sample 2 + NA,Parabacteroides,Porphyromonadaceae
RBIinput_2,Otu58,24294,0.007071834397863604,0.008283367071112486,0.05867100914807639,0.007071834397863603,-2.1504679178106088,-2.1504679178106088,Starting sample 2,NA,Starting sample 2 + NA,Megamonas,Selenomonadaceae
RBIinput_2,Otu9,179922,0.05237419068627708,0.008283367071112486,0.4345190297168107,0.05237419068627707,-1.280882674922061,-1.280882674922061,Starting sample 2,NA,Starting sample 2 + NA,Agathobacter,Lachnospiraceae
RBIinput_2,Otu15,62219,0.018111569292857312,0.008283367071112486,0.15026144390319274,0.01811156929285731,-1.742043918228103,-1.742043918228103,Starting sample 2,NA,Starting sample 2 + NA,Bifidobacterium,Bifidobacteriaceae
RBIinput_2,Otu66,25448,0.00740775672004746,0.008283367071112486,0.06145796660904947,0.00740775672004746,-2.1303132888633587,-2.1303132888633587,Starting sample 2,NA,Starting sample 2 + NA,Criibacterium,Peptostreptococcaceae
RBIinput_2,Otu128,7187,0.002092091620047984,0.008283367071112486,0.017356900582334113,0.0020920916200479834,-2.679419300105918,-2.679419300105918,Starting sample 2,NA,Starting sample 2 + NA,Monoglobus,Ruminococcaceae
RBIinput_2,Otu8,186777,0.05436963914257719,0.008283367071112486,0.4510741366448614,0.054369639142577184,-1.264643549450148,-1.264643549450148,Starting sample 2,NA,Starting sample 2 + NA,Ruminococcus,Ruminococcaceae
RBIinput_2,Otu25,6391,0.001860380902146468,0.008283367071112486,0.0154345278449558,0.0018603809021464678,-2.73039812741411,-2.73039812741411,Starting sample 2,NA,Starting sample 2 + NA,Megasphaera,Veillonellaceae
RBIinput_2,Otu63,25283,0.0073597262320402364,0.008283367071112486,0.06105948482303512,0.007359726232040236,-2.1331383402991277,-2.1331383402991277,Starting sample 2,NA,Starting sample 2 + NA,Mediterraneibacter,Lachnospiraceae
RBIinput_2,Otu2,28685,0.008350027566589178,0.008283367071112486,0.0692754547383128,0.008350027566589176,-2.078312090744206,-2.078312090744206,Starting sample 2,NA,Starting sample 2 + NA,Streptococcus,Streptococcaceae
RBIinput_2,Otu20,82927,0.024139541084697253,0.008283367071112486,0.20027211556855726,0.02413954108469725,-1.6172709905053686,-1.6172709905053686,Starting sample 2,NA,Starting sample 2 + NA,Caloramator,Sporomusaceae
RBIinput_2,Otu48,32583,0.0094847114590265,0.008283367071112486,0.07868928505276088,0.009484711459026499,-2.022975876547451,-2.022975876547451,Starting sample 2,NA,Starting sample 2 + NA,Bifidobacterium,Bifidobacteriaceae
RBIinput_2,Otu95,12310,0.003583365499205605,0.008283367071112486,0.029729156277797826,0.0035833654992056046,-2.4457088920313494,-2.4457088920313494,Starting sample 2,NA,Starting sample 2 + NA,Roseburia,Lachnospiraceae
RBIinput_2,Otu142,5050,0.0014700240268877582,0.008283367071112486,0.01219595769316645,0.001470024026887758,-2.8326755668440047,-2.8326755668440042,Starting sample 2,NA,Starting sample 2 + NA,Faecalibacterium,Ruminococcaceae
RBIinput_2,Otu98,12751,0.003711737894424912,0.008283367071112486,0.03079418941496345,0.003711737894424912,-2.4304226992160927,-2.4304226992160927,Starting sample 2,NA,Starting sample 2 + NA,Blautia,Lachnospiraceae
RBIinput_2,Otu45,25925,0.007546608494468344,0.008283367071112486,0.06260994122680005,0.007546608494468344,-2.1222481799015873,-2.1222481799015873,Starting sample 2,NA,Starting sample 2 + NA,Dialister,Veillonellaceae
RBIinput_2,Otu50,40338,0.011742144395366019,0.008283367071112486,0.0974179289954353,0.011742144395366017,-1.9302525833242985,-1.9302525833242985,Starting sample 2,NA,Starting sample 2 + NA,Neglecta,Ruminococcaceae
RBIinput_2,Otu103,10774,0.003136245319938358,0.008283367071112486,0.026019653106173334,0.0031362453199383577,-2.50358997375273,-2.50358997375273,Starting sample 2,NA,Starting sample 2 + NA,Agathobaculum,Ruminococcaceae
RBIinput_2,Otu4,33272,0.009685275133189999,0.008283367071112486,0.0803532483895117,0.009685275133189997,-2.013888037605789,-2.0138880376057884,Starting sample 2,NA,Starting sample 2 + NA,Megasphaera,Veillonellaceae
RBIinput_2,Otu11,4860,0.0014147161922127734,0.008283367071112486,0.01173709987896811,0.0014147161922127731,-2.8493306757003727,-2.8493306757003722,Starting sample 2,NA,Starting sample 2 + NA,Streptococcus,Streptococcaceae
RBIinput_2,Otu30,5741,0.0016711698887846773,0.008283367071112486,0.013864751112171999,0.001671169888784677,-2.7769793980950466,-2.7769793980950466,Starting sample 2,NA,Starting sample 2 + NA,Megasphaera,Veillonellaceae
RBIinput_2,Otu35,55186,0.01606430612828274,0.008283367071112486,0.13327645965447205,0.01606430612828274,-1.7941380283549722,-1.7941380283549722,Starting sample 2,NA,Starting sample 2 + NA,Clostridium_XlVa,Lachnospiraceae
RBIinput_2,Otu122,7236,0.0021063552195167957,0.008283367071112486,0.017475237597574737,0.0021063552195167952,-2.6764683867748897,-2.6764683867748897,Starting sample 2,NA,Starting sample 2 + NA,Roseburia,Lachnospiraceae
RBIinput_2,Otu77,18586,0.005410270606680372,0.008283367071112486,0.04488595439310726,0.005410270606680371,-2.266781012148714,-2.266781012148714,Starting sample 2,NA,Starting sample 2 + NA,Anaerobutyricum,Lachnospiraceae
RBIinput_2,Otu91,14002,0.004075896321679682,0.008283367071112486,0.03381540586529043,0.004075896321679682,-2.3897768716467387,-2.3897768716467387,Starting sample 2,NA,Starting sample 2 + NA,Alkaliphilus,Clostridiaceae_2
RBIinput_2,Otu155,4107,0.0011955225105798066,0.008283367071112486,0.00991857391006626,0.0011955225105798066,-2.9224422421090135,-2.9224422421090135,Starting sample 2,NA,Starting sample 2 + NA,Alkaliphilus,Clostridiaceae_2
RBIinput_2,Otu99,12278,0.0035740504954708706,0.008283367071112486,0.02965187496172231,0.00357405049547087,-2.446839315918387,-2.446839315918387,Starting sample 2,NA,Starting sample 2 + NA,Oscillibacter,Ruminococcaceae
RBIinput_2,Otu67,11229,0.0032686930292916113,0.008283367071112486,0.02711849681912199,0.003268693029291611,-2.4856258631285817,-2.4856258631285817,Starting sample 2,NA,Starting sample 2 + NA,Haemophilus,Pasteurellaceae
RBIinput_2,Otu21,79586,0.02316699647601765,0.008283367071112486,0.19220346316204856,0.023166996476017648,-1.6351302673945132,-1.6351302673945132,Starting sample 2,NA,Starting sample 2 + NA,Faecalibacterium,Ruminococcaceae
RBIinput_2,Otu13,6271,0.0018254496381412144,0.008283367071112486,0.015144722909672637,0.0018254496381412142,-2.738630144187316,-2.738630144187316,Starting sample 2,NA,Starting sample 2 + NA,Bacteroides,Bacteroidaceae
RBIinput_2,Otu168,3648,0.0010619104257597112,0.008283367071112486,0.008810070032608159,0.001061910425759711,-2.9739121153062875,-2.973912115306287,Starting sample 2,NA,Starting sample 2 + NA,Gemmiger,Ruminococcaceae
RBIinput_2,Otu146,5095,0.0014831232508897283,0.008283367071112486,0.012304634543897637,0.0014831232508897283,-2.8288227566202204,-2.8288227566202204,Starting sample 2,NA,Starting sample 2 + NA,Paludicola,Ruminococcaceae
RBIinput_2,Otu150,4446,0.0012942033313946481,0.008283367071112486,0.010737272852241195,0.001294203331394648,-2.8879974865996942,-2.8879974865996942,Starting sample 2,NA,Starting sample 2 + NA,Ruminococcus,Ruminococcaceae
RBIinput_2,Otu118,7534,0.002193101191796509,0.008283367071112486,0.01819491985352793,0.002193101191796509,-2.658941329095417,-2.658941329095417,Starting sample 2,NA,Starting sample 2 + NA,Blautia,Lachnospiraceae
RBIinput_2,Otu32,68245,0.01986570093365447,0.008283367071112486,0.16481448173666227,0.019865700933654466,-1.7018961068609273,-1.7018961068609273,Starting sample 2,NA,Starting sample 2 + NA,Acholeplasma,Lachnospiraceae
RBIinput_2,Otu123,8519,0.0024798286505062998,0.008283367071112486,0.02057373536397723,0.0024798286505062998,-2.605578326718344,-2.605578326718344,Starting sample 2,NA,Starting sample 2 + NA,Blautia,Lachnospiraceae
RBIinput_2,Otu38,52204,0.015196264217752185,0.008283367071112486,0.12607480701268542,0.015196264217752184,-1.8182631639647624,-1.8182631639647624,Starting sample 2,NA,Starting sample 2 + NA,Anaerostipes,Lachnospiraceae
RBIinput_2,Otu64,28461,0.008284822540446038,0.008283367071112486,0.06873448552578422,0.008284822540446036,-2.0817167896623214,-2.081716789662321,Starting sample 2,NA,Starting sample 2 + NA,Romboutsia,Peptostreptococcaceae
RBIinput_2,Otu36,57174,0.016643000735303108,0.008283367071112486,0.1380775614156631,0.016643000735303105,-1.7787683676310575,-1.7787683676310575,Starting sample 2,NA,Starting sample 2 + NA,Sporobacter,Ruminococcaceae
RBIinput_2,Otu140,4990,0.0014525583948851314,0.008283367071112486,0.01205105522552487,0.0014525583948851314,-2.837866399339276,-2.837866399339276,Starting sample 2,NA,Starting sample 2 + NA,Monoglobus,Ruminococcaceae
RBIinput_2,Otu112,7616,0.0022169708888667657,0.008283367071112486,0.018392953225971422,0.0022169708888667653,-2.654240009586248,-2.654240009586248,Starting sample 2,NA,Starting sample 2 + NA,Oscillibacter,Ruminococcaceae
RBIinput_2,Otu6,170259,0.049561350652254026,0.008283367071112486,0.411182487303134,0.04956135065225402,-1.3048568666860463,-1.304856866686046,Starting sample 2,NA,Starting sample 2 + NA,Collinsella,Coriobacteriaceae
RBIinput_2,Otu31,29028,0.0084498727628708609,0.008283367071112486,0.07010381384499717,0.008449872762870859,-2.0731498305531613,-2.0731498305531613,Starting sample 2,NA,Starting sample 2 + NA,Sutterella,Sutterellaceae
RBIinput_2,Otu72,22365,0.006510314328979151,0.008283367071112486,0.054012394813399534,0.00651031432897915,-2.18639804245399,-2.18639804245399,Starting sample 2,NA,Starting sample 2 + NA,Faecalibacillus,Erysipelotrichaceae
RBIinput_2,Otu73,21356,0.00621660061746831,0.008283367071112486,0.05157561831589361,0.006216600617468309,-2.2064470327767944,-2.2064470327767944,Starting sample 2,NA,Starting sample 2 + NA,Sporobacter,Ruminococcaceae
RBIinput_2,Otu27,63837,0.018582559169194816,0.008283367071112486,0.15416898044726074,0.018582559169194816,-1.73089447567481,-1.73089447567481,Starting sample 2,NA,Starting sample 2 + NA,Faecalibacterium,Ruminococcaceae
RBIinput_2,Otu75,15037,0.004377178473724994,0.008283367071112486,0.036314973432107704,0.004377178473724994,-2.3588057452366185,-2.3588057452366185,Starting sample 2,NA,Starting sample 2 + NA,Methanobrevibacter,Methanobacteriaceae
RBIinput_2,Otu96,12800,0.003726001493893724,0.008283367071112486,0.030912526430204073,0.0037260014938937237,-2.4287569753147973,-2.4287569753147973,Starting sample 2,NA,Starting sample 2 + NA,Fusicatenibacter,Lachnospiraceae
RBIinput_2,Otu23,39608,0.011529645872667391,0.008283367071112486,0.09565494897246271,0.01152964587266739,-1.9381840316392382,-1.9381840316392382,Starting sample 2,NA,Starting sample 2 + NA,Bifidobacterium,Bifidobacteriaceae
RBIinput_2,Otu170,3456,0.0010060204033513055,0.008283367071112486,0.0083463821361551,0.0010060204033513055,-2.99739321115581,-2.99739321115581,Starting sample 2,NA,Starting sample 2 + NA,Gemmiger,Ruminococcaceae
RBIinput_2,Otu76,19465,0.005666142115518855,0.008283367071112486,0.047008775544056434,0.005666142115518855,-2.246712536908485,-2.246712536908485,Starting sample 2,NA,Starting sample 2 + NA,Gemmiger,Ruminococcaceae
RBIinput_2,Otu115,8098,0.0023572781326212013,0.008283367071112486,0.019557003049358795,0.002357278132621201,-2.6275891725302714,-2.6275891725302714,Starting sample 2,NA,Starting sample 2 + NA,Dorea,Lachnospiraceae
RBIinput_2,Otu114,8298,0.0024154969059632905,0.008283367071112486,0.020040011274830734,0.0024154969059632905,-2.6169935144697116,-2.6169935144697116,Starting sample 2,NA,Starting sample 2 + NA,Blautia,Lachnospiraceae
RBIinput_2,Otu79,16586,0.004828082873259477,0.008283367071112486,0.04005587213838787,0.004828082873259476,-2.3162252839163635,-2.3162252839163635,Starting sample 2,NA,Starting sample 2 + NA,Bacteroides,Bacteroidaceae
RBIinput_2,Otu57,33924,0.00987506833428521,0.008283367071112486,0.08192785520455023,0.00987506833428521,-2.0054598904255214,-2.0054598904255214,Starting sample 2,NA,Starting sample 2 + NA,Faecalibacterium,Ruminococcaceae
RBIinput_2,Otu116,7985,0.002324384525682921,0.008283367071112486,0.01928410340196715,0.0023243845256829205,-2.6336920244881643,-2.633692024488164,Starting sample 2,NA,Starting sample 2 + NA,Merdimonas,Lachnospiraceae
RBIinput_2,Otu107,10025,0.002918216013772233,0.008283367071112486,0.024210787301780924,0.002918216013772233,-2.534882563670446,-2.534882563670446,Starting sample 2,NA,Starting sample 2 + NA,Clostridium_IV,Ruminococcaceae
RBIinput_2,Otu160,4054,0.001180094535644153,0.008283367071112486,0.009790576730316197,0.0011800945356441528,-2.928083200605676,-2.928083200605676,Starting sample 2,NA,Starting sample 2 + NA,Faecalicoccus,Erysipelotrichaceae
RBIinput_2,Otu133,5843,0.001700861463189143,0.008283367071112486,0.014111085307162688,0.0017008614631891428,-2.7693310586523983,-2.7693310586523983,Starting sample 2,NA,Starting sample 2 + NA,Cohnella,Paenibacillaceae_1
RBIinput_2,Otu44,43469,0.012653559292036428,0.008283367071112486,0.1049794227651985,0.012653559292036428,-1.8977872955580564,-1.8977872955580564,Starting sample 2,NA,Starting sample 2 + NA,Agathobacter,Lachnospiraceae
RBIinput_2,Otu53,36257,0.010554190325320683,0.008283367071112486,0.08756214615468039,0.010554190325320682,-1.9765750783897793,-1.976575078389779,Starting sample 2,NA,Starting sample 2 + NA,Dorea,Lachnospiraceae
RBIinput_2,Otu52,15497,0.0045110816524118,0.008283367071112486,0.03742589235069317,0.0045110816524118,-2.3457193119244697,-2.3457193119244697,Starting sample 2,NA,Starting sample 2 + NA,Phocaeicola,Bacteroidaceae
RBIinput_2,Otu105,9955,0.002897839443102502,0.008283367071112486,0.024041734422865748,0.002897839443102502,-2.5379256805992374,-2.5379256805992374,Starting sample 2,NA,Starting sample 2 + NA,Eubacterium,Eubacteriaceae
RBIinput_2,Otu16,120149,0.03497463699139352,0.008283367071112486,0.2901647764111398,0.03497463699139352,-1.4562467844402185,-1.4562467844402185,Starting sample 2,NA,Starting sample 2 + NA,Faecalibacterium,Ruminococcaceae
RBIinput_2,Otu171,3436,0.0010001985260170965,0.008283367071112486,0.008298081313607906,0.0010001985260170965,-2.999913789803461,-2.999913789803461,Starting sample 2,NA,Starting sample 2 + NA,Enterocloster,Lachnospiraceae
RBIinput_2,Otu89,15183,0.00441967817826472,0.008283367071112486,0.03666756943670223,0.00441967817826472,-2.3546093529342156,-2.3546093529342156,Starting sample 2,NA,Starting sample 2 + NA,Coprococcus,Lachnospiraceae
RBIinput_2,Otu101,6538,0.0019031717005529036,0.008283367071112486,0.015789538890677673,0.0019031717005529034,-2.7205220287183156,-2.7205220287183156,Starting sample 2,NA,Starting sample 2 + NA,Dialister,Veillonellaceae
RBIinput_2,Otu62,30910,0.008997711420019922,0.008283367071112486,0.07464892124668811,0.00899771142001992,-2.045867939899361,-2.045867939899361,Starting sample 2,NA,Starting sample 2 + NA,Butyrivibrio,Lachnospiraceae
RBIinput_2,Otu121,7011,0.002040859099506945,0.008283367071112486,0.016931853343918807,0.0020408590995069447,-2.6901869778507765,-2.6901869778507765,Starting sample 2,NA,Starting sample 2 + NA,Intestinimonas,Ruminococcaceae
RBIinput_2,Otu139,4384,0.0012761555116586004,0.008283367071112486,0.010587540302344895,0.0012761555116586004,-2.894096399486353,-2.894096399486353,Starting sample 2,NA,Starting sample 2 + NA,Dorea,Lachnospiraceae
RBIinput_2,Otu39,7585,0.002207946978998742,0.008283367071112486,0.018318086951023275,0.002207946978998742,-2.6560113598399164,-2.6560113598399164,Starting sample 2,NA,Starting sample 2 + NA,Bacteroides,Bacteroidaceae
RBIinput_2,Otu43,55537,0.016166480075498105,0.008283367071112486,0.1341241390901753,0.016166480075498105,-1.7913845286524004,-1.7913845286524004,Starting sample 2,NA,Starting sample 2 + NA,Faecalibacterium,Ruminococcaceae
RBIinput_2,Otu137,5336,0.001553276872766946,0.008283367071112486,0.012886659455591322,0.0015532768727669459,-2.808751124054173,-2.808751124054173,Starting sample 2,NA,Starting sample 2 + NA,Cohnella,Paenibacillaceae_1
RBIinput_2,Otu145,4914,0.0014304352610151375,0.008283367071112486,0.011867512099845533,0.0014304352610151373,-2.8445317928186036,-2.8445317928186036,Starting sample 2,NA,Starting sample 2 + NA,Lachnospira,Lachnospiraceae
RBIinput_2,Otu132,5636,0.0016406050327800804,0.008283367071112486,0.013611171793799231,0.0016406050327800801,-2.784995960525347,-2.784995960525347,Starting sample 2,NA,Starting sample 2 + NA,Monoglobus,Ruminococcaceae
RBIinput_2,Otu86,15203,0.004425500055598929,0.008283367071112486,0.03671587025924942,0.004425500055598928,-2.354037649459433,-2.354037649459433,Starting sample 2,NA,Starting sample 2 + NA,Mediterraneibacter,Lachnospiraceae
RBIinput_2,Otu47,5777,0.0016816492679862533,0.008283367071112486,0.013951692592756948,0.0016816492679862533,-2.774264577421253,-2.774264577421253,Starting sample 2,NA,Starting sample 2 + NA,Bacteroides,Bacteroidaceae
RBIinput_2,Otu82,18352,0.0053421546418701265,0.008283367071112486,0.04432083476930509,0.005342154641870126,-2.2722835444054734,-2.2722835444054734,Starting sample 2,NA,Starting sample 2 + NA,Clostridium_IV,Ruminococcaceae
RBIinput_2,Otu46,40887,0.011901954928190054,0.008283367071112486,0.09874378657435577,0.011901954928190052,-1.924381698708715,-1.9243816987087148,Starting sample 2,NA,Starting sample 2 + NA,Holdemanella,Erysipelotrichaceae
RBIinput_2,Otu127,6925,0.0020158250269698467,0.008283367071112486,0.016724159806965875,0.0020158250269698467,-2.6955471672261795,-2.6955471672261795,Starting sample 2,NA,Starting sample 2 + NA,Gemmiger,Ruminococcaceae
RBIinput_2,Otu71,6528,0.0019002607618857992,0.008283367071112486,0.015765388479404077,0.001900260761885799,-2.721186799216861,-2.721186799216861,Starting sample 2,NA,Starting sample 2 + NA,Ligilactobacillus,Lactobacillaceae
RBIinput_2,Otu60,30798,0.008965108906948353,0.008283367071112486,0.07437843664042383,0.008965108906948351,-2.0474444303182597,-2.0474444303182593,Starting sample 2,NA,Starting sample 2 + NA,Roseburia,Lachnospiraceae
RBIinput_2,Otu28,57873,0.01684647534813371,0.008283367071112486,0.13976567516368751,0.016846475348133706,-1.7734909492126334,-1.7734909492126332,Starting sample 2,NA,Starting sample 2 + NA,Massiliprevotella,Prevotellaceae
RBIinput_2,Otu97,5408,0.0015742356311700984,0.008283367071112486,0.01306054241676122,0.0015742356311700982,-2.8029302620290864,-2.8029302620290864,Starting sample 2,NA,Starting sample 2 + NA,Desulfovibrio,Desulfovibrionaceae
RBIinput_2,Otu59,7889,0.002296439514478718,0.008283367071112486,0.01905225945374062,0.002296439514478718,-2.6389449889023022,-2.6389449889023022,Starting sample 2,NA,Starting sample 2 + NA,Ligilactobacillus,Lactobacillaceae
RBIinput_2,Otu131,6090,0.0017727616482666234,0.008283367071112486,0.014707600465620533,0.0017727616482666234,-2.7513496523297905,-2.7513496523297905,Starting sample 2,NA,Starting sample 2 + NA,Novispirillum,Kiloniellaceae
RBIinput_2,Otu154,4177,0.0012158990812495378,0.008283367071112486,0.010087626788981438,0.0012158990812495378,-2.9151024696975445,-2.9151024696975445,Starting sample 2,NA,Starting sample 2 + NA,Lachnospiracea_incertae_sedis,Lachnospiraceae
RBIinput_2,Otu117,8238,0.0023980312739606637,0.008283367071112486,0.01989510880718915,0.0023980312739606633,-2.620145157342267,-2.620145157342267,Starting sample 2,NA,Starting sample 2 + NA,Coprococcus,Lachnospiraceae
RBIinput_2,Otu100,8285,0.002411712685696055,0.008283367071112486,0.02000861574017506,0.002411712685696055,-2.6176744322073104,-2.6176744322073104,Starting sample 2,NA,Starting sample 2 + NA,Slackia,Eggerthellaceae
RBIinput_2,Otu51,4961,0.0014441166727505285,0.008283367071112486,0.011981019032831438,0.0014441166727505283,-2.8403977179264803,-2.8403977179264803,Starting sample 2,NA,Starting sample 2 + NA,Bacteroides,Bacteroidaceae
RBIinput_2,Otu81,18621,0.005420458892015237,0.008283367071112486,0.044970480832564844,0.005420458892015236,-2.2659639448576065,-2.265963944857606,Starting sample 2,NA,Starting sample 2 + NA,Roseburia,Lachnospiraceae
RBIinput_2,Otu163,3989,0.0011611734343079739,0.008283367071112486,0.009633599057037817,0.0011611734343079739,-2.9351029086528264,-2.9351029086528264,Starting sample 2,NA,Starting sample 2 + NA,Enterocloster,Lachnospiraceae
RBIinput_2,Otu110,9033,0.0026294508979954694,0.008283367071112486,0.021815066503440107,0.002629450897995469,-2.580134934730244,-2.580134934730244,Starting sample 2,NA,Starting sample 2 + NA,Kineothrix,Lachnospiraceae
RBIinput_2,Otu161,3490,0.0010159175948194607,0.008283367071112486,0.00842849353448533,0.0010159175948194607,-2.993141518003486,-2.993141518003486,Starting sample 2,NA,Starting sample 2 + NA,Adlercreutzia,Eggerthellaceae
RBIinput_2,Otu149,4553,0.0013253503751326661,0.008283367071112486,0.010995682252868684,0.001325350375132666,-2.877669294654476,-2.877669294654476,Starting sample 2,NA,Starting sample 2 + NA,Sporobacter,Ruminococcaceae
RBIinput_2,Otu22,43495,0.012661127732570901,0.008283367071112486,0.10504221383450987,0.012661127732570901,-1.8975276097831169,-1.8975276097831169,Starting sample 2,NA,Starting sample 2 + NA,Phocaeicola,Bacteroidaceae
RBIinput_2,Otu151,4477,0.001303227241262672,0.008283367071112486,0.010812139127189346,0.0013032272412626719,-2.884979850579221,-2.884979850579221,Starting sample 2,NA,Starting sample 2 + NA,Hespellia,Lachnospiraceae
RBIinput_2,Otu164,4483,0.0013049738044629347,0.008283367071112486,0.010826629373953504,0.0013049738044629345,-2.884398206096874,-2.884398206096874,Starting sample 2,NA,Starting sample 2 + NA,Spiroplasma,Clostridiaceae_3
RBIinput_2,Otu157,4173,0.001214734705782696,0.008283367071112486,0.010077966624471999,0.0012147347057826958,-2.9155185602509572,-2.915518560250957,Starting sample 2,NA,Starting sample 2 + NA,Hungatella,Lachnospiraceae
RBIinput_2,Otu113,8712,0.002536009766781416,0.008283367071112486,0.02103983830155765,0.002536009766781416,-2.5958490782149473,-2.5958490782149473,Starting sample 2,NA,Starting sample 2 + NA,Ruminiclostridium,Ruminococcaceae
RBIinput_2,Otu68,23307,0.006784524751420392,0.008283367071112486,0.05628736355537237,0.006784524751420392,-2.1684805687948794,-2.1684805687948794,Starting sample 2,NA,Starting sample 2 + NA,Ruminococcus,Ruminococcaceae
RBIinput_2,Otu80,10665,0.0031045160884669194,0.008283367071112486,0.02575641362329113,0.003104516088466919,-2.508006085177218,-2.508006085177218,Starting sample 2,NA,Starting sample 2 + NA,Bacteroides,Bacteroidaceae
RBIinput_2,Otu7,189366,0.055123281163490544,0.008283367071112486,0.4573266781235957,0.05512328116349054,-1.2586649393445042,-1.2586649393445042,Starting sample 2,NA,Starting sample 2 + NA,Prevotella,Prevotellaceae
RBIinput_2,Otu34,60044,0.01747844013276209,0.008283367071112486,0.1450087294511854,0.017478440132762087,-1.7574973286788609,-1.7574973286788609,Starting sample 2,NA,Starting sample 2 + NA,Blautia,Lachnospiraceae
RBIinput_2,Otu129,6471,0.0018836684114833038,0.008283367071112486,0.015627731135144575,0.0018836684114833036,-2.7249955451404584,-2.7249955451404584,Starting sample 2,NA,Starting sample 2 + NA,Vampirovibrio,Bdellovibrionaceae
RBIinput_2,Otu70,5145,0.0014976779442252507,0.008283367071112486,0.01242538660026562,0.0014976779442252505,-2.824581565864214,-2.824581565864214,Starting sample 2,NA,Starting sample 2 + NA,Bacteroides,Bacteroidaceae
RBIinput_2,Otu102,12648,0.003681755226153736,0.008283367071112486,0.0305454401788454,0.0036817552261537356,-2.4339450880385134,-2.433945088038513,Starting sample 2,NA,Starting sample 2 + NA,Spiroplasma,Spiroplasmataceae
RBIinput_2,Otu93,14137,0.004115193993685592,0.008283367071112486,0.03414143641748398,0.004115193993685592,-2.3856096869641465,-2.3856096869641465,Starting sample 2,NA,Starting sample 2 + NA,Ruminococcus,Ruminococcaceae
RBIinput_2,Otu130,6861,0.001997195019500378,0.008283367071112486,0.016569597174814855,0.001997195019500378,-2.699579525636255,-2.699579525636255,Starting sample 2,NA,Starting sample 2 + NA,Clostridium_IV,Ruminococcaceae
RBIinput_2,Otu120,8121,0.0023639732915555415,0.008283367071112486,0.019612548995288068,0.002363973291555541,-2.626357434472497,-2.626357434472497,Starting sample 2,NA,Starting sample 2 + NA,Negativibacillus,Ruminococcaceae
RBIinput_2,Otu83,15427,0.004490705081742069,0.008283367071112486,0.037256839471777985,0.004490705081742068,-2.347685465439999,-2.347685465439999,Starting sample 2,NA,Starting sample 2 + NA,Alistipes,Rikenellaceae
RBIinput_2,Otu159,4197,0.0012217209585837468,0.008283367071112486,0.010135927611528633,0.0012217209585837468,-2.913027975751176,-2.913027975751176,Starting sample 2,NA,Starting sample 2 + NA,Anaerostipes,Lachnospiraceae
RBIinput_2,Otu104,9611,0.002797703152954108,0.008283367071112486,0.023210960275054014,0.002797703152954108,-2.5531983677116536,-2.5531983677116536,Starting sample 2,NA,Starting sample 2 + NA,Prevotellamassilia,Prevotellaceae
RBIinput_2,Otu119,8214,0.002391045021159613,0.008283367071112486,0.01983714782013252,0.002391045021159613,-2.6214122464450322,-2.6214122464450322,Starting sample 2,NA,Starting sample 2 + NA,Fusicatenibacter,Lachnospiraceae
RBIinput_2,Otu141,5519,0.001606547050374958,0.008283367071112486,0.013328611981898147,0.001606547050374958,-2.794106550897402,-2.794106550897402,Starting sample 2,NA,Starting sample 2 + NA,Blautia,Lachnospiraceae
RBIinput_2,Otu87,14931,0.004346322523853687,0.008283367071112486,0.03605897907260758,0.004346322523853687,-2.3618780494989804,-2.3618780494989804,Starting sample 2,NA,Starting sample 2 + NA,Lachnospiracea_incertae_sedis,Lachnospiraceae
RBIinput_2,Otu143,4549,0.0013241859996658242,0.008283367071112486,0.010986022088359243,0.001324185999665824,-2.8780510081327106,-2.8780510081327106,Starting sample 2,NA,Starting sample 2 + NA,Lachnobacterium,Lachnospiraceae
RBIinput_2,Otu153,4218,0.0012278339297846661,0.008283367071112486,0.010186643475203186,0.0012278339297846661,-2.9108603695591984,-2.9108603695591984,Starting sample 2,NA,Starting sample 2 + NA,Anaerofilum,Ruminococcaceae
RBIinput_2,Otu136,4438,0.0012918745804609646,0.008283367071112486,0.010717952523222317,0.0012918745804609644,-2.8887796470666762,-2.8887796470666762,Starting sample 2,NA,Starting sample 2 + NA,Odoribacter,Odoribacteraceae
RBIinput_2,Otu156,4202,0.0012231764279172991,0.008283367071112486,0.010148002817165432,0.0012231764279172991,-2.912510896892732,-2.912510896892732,Starting sample 2,NA,Starting sample 2 + NA,Lachnospira,Lachnospiraceae
RBIinput_2,Otu88,4462,0.0012988608332620154,0.008283367071112486,0.01077591351027895,0.0012988608332620151,-2.886437379014847,-2.886437379014847,Starting sample 2,NA,Starting sample 2 + NA,Senegalimassilia,Coriobacteriaceae
RBIinput_2,Otu165,3612,0.0010514310465581352,0.008283367071112486,0.008723128552023212,0.0010514310465581352,-2.978219203321198,-2.978219203321198,Starting sample 2,NA,Starting sample 2 + NA,Blautia,Lachnospiraceae
RBIinput_2,Otu172,3641,0.0010598727686927383,0.008283367071112486,0.008793164744716645,0.0010598727686927383,-2.974746266028722,-2.974746266028722,Starting sample 2,NA,Starting sample 2 + NA,Lachnospiracea_incertae_sedis,Lachnospiraceae
RBIinput_2,Otu126,7129,0.002075208175778778,0.008283367071112486,0.017216828196947254,0.002075208175778778,-2.682938330249676,-2.682938330249676,Starting sample 2,NA,Starting sample 2 + NA,Butyrivibrio,Lachnospiraceae
RBIinput_2,Otu134,5406,0.0015736534434366775,0.008283367071112486,0.013055712334506503,0.0015736534434366775,-2.8030909035999594,-2.8030909035999594,Starting sample 2,NA,Starting sample 2 + NA,Fusicatenibacter,Lachnospiraceae
RBIinput_2,Otu167,3701,0.001077338400695365,0.008283367071112486,0.008938067212358224,0.0010773384006953649,-2.967647859867554,-2.967647859867554,Starting sample 2,NA,Starting sample 2 + NA,Clostridium_IV,Ruminococcaceae
RBIinput_2,Otu162,3790,0.0011032457548325947,0.008283367071112486,0.009153005872693238,0.0011032457548325947,-2.9573277349945934,-2.9573277349945934,Starting sample 2,NA,Starting sample 2 + NA,Bacteroides,Prevotellaceae
RBIinput_2,Otu108,9420,0.0027421042244124127,0.008283367071112486,0.022749687419728312,0.0027421042244124127,-2.561916042169788,-2.561916042169788,Starting sample 2,NA,Starting sample 2 + NA,Faecalibacterium,Ruminococcaceae
RBIinput_2,Otu148,4373,0.0012729534791247855,0.008283367071112486,0.010560974849943939,0.0012729534791247855,-2.895187467617809,-2.895187467617809,Starting sample 2,NA,Starting sample 2 + NA,Faecalibacterium,Ruminococcaceae
RBIinput_1,Otu33,7815,0.0013072232153475867,0.006390255725646047,0.014058205812421856,0.0013072232153475867,-2.8836502479843764,-2.8836502479843764,Starting sample 1,NA,Starting sample 1 + NA,Parabacteroides,Porphyromonadaceae
RBIinput_1,Otu5,28591,0.004782446442738689,0.006390255725646047,0.05143162666448539,0.0047824464427386896,-2.3203498848141617,-2.320349884814162,Starting sample 1,NA,Starting sample 1 + NA,Parabacteroides,Porphyromonadaceae
RBIinput_1,Otu3,38203,0.006390255725646047,0.006390255725646047,0.06872241032014743,0.006390255725646047,-2.1944817618705947,-2.1944817618705947,Starting sample 1,NA,Starting sample 1 + NA,Sporosarcina,Planococcaceae
RBIinput_1,Otu12,83494,0.013966128617048164,0.006390255725646047,0.15019524454284716,0.013966128617048166,-1.8549239627663545,-1.8549239627663547,Starting sample 1,NA,Starting sample 1 + NA,Bifidobacterium,Bifidobacteriaceae
RBIinput_1,Otu24,5649,9.449141322454916e-4,0.006390255725646047,0.010161843203374417,9.449141322454916e-4,-3.024607655603255,-3.024607655603255,Starting sample 1,NA,Starting sample 1 + NA,Parasutterella,Sutterellaceae
RBIinput_1,Otu54,64538,0.010795338691247927,0.006390255725646047,0.11609577565221775,0.010795338691247927,-1.9667637276296481,-1.9667637276296481,Starting sample 1,NA,Starting sample 1 + NA,Blautia,Lachnospiraceae
RBIinput_1,Otu49,70024,0.011712987643186104,0.006390255725646047,0.12596440227882635,0.011712987643186104,-1.9313323148801482,-1.9313323148801482,Starting sample 1,NA,Starting sample 1 + NA,Anaerobutyricum,Lachnospiraceae
RBIinput_1,Otu1,8970,0.0015004212721264048,0.006390255725646047,0.016135906095639675,0.0015004212721264048,-2.8237867872954903,-2.8237867872954903,Starting sample 1,NA,Starting sample 1 + NA,Escherichia/Shigella,Enterobacteriaceae
RBIinput_1,Otu78,11321,0.0018936754985220767,0.006390255725646047,0.020365060524942784,0.001893675498522077,-2.72269443994489,-2.72269443994489,Starting sample 1,NA,Starting sample 1 + NA,Parabacteroides,Porphyromonadaceae
RBIinput_1,Otu58,41839,0.006998453244648456,0.006390255725646047,0.07526311874419937,0.006998453244648456,-2.154997934491644,-2.154997934491644,Starting sample 1,NA,Starting sample 1 + NA,Megamonas,Selenomonadaceae
RBIinput_1,Otu9,312309,0.0522402527398579,0.006390255725646047,0.5618047599579856,0.0522402527398579,-1.2819947305986004,-1.2819947305986004,Starting sample 1,NA,Starting sample 1 + NA,Agathobacter,Lachnospiraceae
RBIinput_1,Otu15,134217,0.022450617823967633,0.006390255725646047,0.24143956615813492,0.022450617823967633,-1.6487717030415956,-1.6487717030415956,Starting sample 1,NA,Starting sample 1 + NA,Bifidobacterium,Bifidobacteriaceae
RBIinput_1,Otu66,41151,0.006883370765805316,0.006390255725646047,0.07402549294778911,0.0068833707658053165,-2.162198836983152,-2.162198836983152,Starting sample 1,NA,Starting sample 1 + NA,Criibacterium,Peptostreptococcaceae
RBIinput_1,Otu128,11384,0.0019042135743463759,0.006390255725646047,0.02047838963130012,0.001904213574346376,-2.720284343263354,-2.720284343263354,Starting sample 1,NA,Starting sample 1 + NA,Monoglobus,Ruminococcaceae
RBIinput_1,Otu8,321365,0.053755059321839695,0.006390255725646047,0.5780953692781765,0.05375505932183969,-1.269580654535071,-1.2695806545350707,Starting sample 1,NA,Starting sample 1 + NA,Ruminococcus,Ruminococcaceae
RBIinput_1,Otu25,10549,0.0017645422519132043,0.006390255725646047,0.0189763292533894,0.0017645422519132043,-2.7533679380106935,-2.7533679380106935,Starting sample 1,NA,Starting sample 1 + NA,Megasphaera,Veillonellaceae
RBIinput_1,Otu63,49952,0.008355523231355426,0.006390255725646047,0.08985738921843847,0.008355523231355426,-2.0780263489572586,-2.0780263489572586,Starting sample 1,NA,Starting sample 1 + NA,Mediterraneibacter,Lachnospiraceae
RBIinput_1,Otu2,49780,0.008326752611644641,0.006390255725646047,0.0895479827693359,0.008326752611644641,-2.079524338067008,-2.079524338067008,Starting sample 1,NA,Starting sample 1 + NA,Streptococcus,Streptococcaceae
RBIinput_1,Otu20,138065,0.023094276804474033,0.006390255725646047,0.24836163601945282,0.023094276804474036,-1.6364956331032499,-1.6364956331032499,Starting sample 1,NA,Starting sample 1 + NA,Caloramator,Sporomusaceae
RBIinput_1,Otu48,66232,0.011078695841190193,0.006390255725646047,0.11914306940093722,0.011078695841190193,-1.9555113607547303,-1.9555113607547303,Starting sample 1,NA,Starting sample 1 + NA,Bifidobacterium,Bifidobacteriaceae
RBIinput_1,Otu95,22154,0.0037057227271670426,0.006390255725646047,0.03985227019429224,0.0037057227271670426,-2.431127078963758,-2.431127078963758,Starting sample 1,NA,Starting sample 1 + NA,Roseburia,Lachnospiraceae
RBIinput_1,Otu142,8595,0.0014376946303151002,0.006390255725646047,0.015461328081607915,0.0014376946303151002,-2.842333349316511,-2.842333349316511,Starting sample 1,NA,Starting sample 1 + NA,Faecalibacterium,Ruminococcaceae
RBIinput_1,Otu98,23135,0.003869815622145415,0.006390255725646047,0.041616966278999315,0.003869815622145415,-2.412309726503666,-2.412309726503666,Starting sample 1,NA,Starting sample 1 + NA,Blautia,Lachnospiraceae
RBIinput_1,Otu45,42379,0.007088779608856734,0.006390255725646047,0.0762345110844051,0.007088779608856734,-2.149428525713881,-2.149428525713881,Starting sample 1,NA,Starting sample 1 + NA,Dialister,Veillonellaceae
RBIinput_1,Otu50,68061,0.011384634582184529,0.006390255725646047,0.12243321123470813,0.011384634582184531,-1.9436809045734529,-1.9436809045734529,Starting sample 1,NA,Starting sample 1 + NA,Neglecta,Ruminococcaceae
RBIinput_1,Otu103,17682,0.002957686614686632,0.006390255725646047,0.0318077025176255,0.002957686614686632,-2.5290478441060134,-2.5290478441060134,Starting sample 1,NA,Starting sample 1 + NA,Agathobaculum,Ruminococcaceae
RBIinput_1,Otu4,55124,0.009220649075216938,0.006390255725646047,0.09916116918796447,0.009220649075216938,-2.0352385062930956,-2.0352385062930956,Starting sample 1,NA,Starting sample 1 + NA,Megasphaera,Veillonellaceae
RBIinput_1,Otu11,6045,0.0010111534659982292,0.006390255725646047,0.010874197586191955,0.0010111534659982292,-2.9951829251427915,-2.9951829251427915,Starting sample 1,NA,Starting sample 1 + NA,Streptococcus,Streptococcaceae
RBIinput_1,Otu30,9518,0.0015920858046933244,0.006390255725646047,0.017121689433478086,0.0015920858046933246,-2.7980335298768435,-2.7980335298768435,Starting sample 1,NA,Starting sample 1 + NA,Megasphaera,Veillonellaceae
RBIinput_1,Otu35,109756,0.018359000796377443,0.006390255725646047,0.19743729202151927,0.018359000796377443,-1.736150959323685,-1.736150959323685,Starting sample 1,NA,Starting sample 1 + NA,Clostridium_XlVa,Lachnospiraceae
RBIinput_1,Otu122,12610,0.002109287875308134,0.006390255725646047,0.022683810018507947,0.002109287875308134,-2.6758641437665007,-2.6758641437665007,Starting sample 1,NA,Starting sample 1 + NA,Roseburia,Lachnospiraceae
RBIinput_1,Otu77,31457,0.0052618452572218855,0.006390255725646047,0.05658720156639211,0.0052618452572218855,-2.278861927995436,-2.278861927995436,Starting sample 1,NA,Starting sample 1 + NA,Anaerobutyricum,Lachnospiraceae
RBIinput_1,Otu91,23239,0.00388721181080775,0.006390255725646047,0.04180404924822412,0.0038872118108077497,-2.410361794393486,-2.410361794393486,Starting sample 1,NA,Starting sample 1 + NA,Alkaliphilus,Clostridiaceae_2
RBIinput_1,Otu155,6918,0.0011571810881349464,0.006390255725646047,0.012444615202857891,0.0011571810881349464,-2.9365986726612396,-2.9365986726612396,Starting sample 1,NA,Starting sample 1 + NA,Alkaliphilus,Clostridiaceae_2
RBIinput_1,Otu99,20529,0.003433907279318056,0.006390255725646047,0.03692909880015462,0.0034339072793180565,-2.464211435623609,-2.464211435623609,Starting sample 1,NA,Starting sample 1 + NA,Oscillibacter,Ruminococcaceae
RBIinput_1,Otu67,20291,0.0033940967706484813,0.006390255725646047,0.036500966620582456,0.0033940967706484813,-2.469275779472817,-2.469275779472817,Starting sample 1,NA,Starting sample 1 + NA,Haemophilus,Pasteurellaceae
RBIinput_1,Otu21,133738,0.022370494993493993,0.006390255725646047,0.24057790517487834,0.022370494993493993,-1.650324406132935,-1.650324406132935,Starting sample 1,NA,Starting sample 1 + NA,Faecalibacterium,Ruminococcaceae
RBIinput_1,Otu13,8456,0.0014144439550837099,0.006390255725646047,0.015211284497740141,0.0014144439550837099,-2.8494142560402125,-2.8494142560402125,Starting sample 1,NA,Starting sample 1 + NA,Bacteroides,Bacteroidaceae
RBIinput_1,Otu168,6329,0.0010586584427299906,0.006390255725646047,0.011385078002152008,0.0010586584427299908,-2.9752441346650356,-2.9752441346650356,Starting sample 1,NA,Starting sample 1 + NA,Gemmiger,Ruminococcaceae
RBIinput_1,Otu146,7435,0.0012436602183121313,0.006390255725646047,0.013374633424869675,0.0012436602183121316,-2.905298257481609,-2.905298257481609,Starting sample 1,NA,Starting sample 1 + NA,Paludicola,Ruminococcaceae
RBIinput_1,Otu150,7286,0.0012187368326324398,0.006390255725646047,0.013106601093961057,0.00121873683263244,-2.914090063433685,-2.9140900634336853,Starting sample 1,NA,Starting sample 1 + NA,Ruminococcus,Ruminococcaceae
RBIinput_1,Otu118,13654,0.0022839188461108062,0.006390255725646047,0.024561835209572367,0.0022839188461108062,-2.6413193318239236,-2.6413193318239236,Starting sample 1,NA,Starting sample 1 + NA,Blautia,Lachnospiraceae
RBIinput_1,Otu32,100021,0.01673061717495598,0.006390255725646047,0.17992524677725485,0.01673061717495598,-1.7764880380732353,-1.7764880380732353,Starting sample 1,NA,Starting sample 1 + NA,Acholeplasma,Lachnospiraceae
RBIinput_1,Otu123,15551,0.002601232018153592,0.006390255725646047,0.027974300523221026,0.002601232018153592,-2.5848209089691343,-2.5848209089691343,Starting sample 1,NA,Starting sample 1 + NA,Blautia,Lachnospiraceae
RBIinput_1,Otu38,90594,0.015153753035342197,0.006390255725646047,0.16296725494184847,0.015153753035342199,-1.8194797948391366,-1.8194797948391368,Starting sample 1,NA,Starting sample 1 + NA,Anaerostipes,Lachnospiraceae
RBIinput_1,Otu64,48312,0.008081198717833988,0.006390255725646047,0.08690723470373958,0.008081198717833988,-2.0925242137393214,-2.0925242137393214,Starting sample 1,NA,Starting sample 1 + NA,Romboutsia,Peptostreptococcaceae
RBIinput_1,Otu36,91264,0.015265824635378395,0.006390255725646047,0.16417250099358519,0.015265824635378393,-1.8162797308398484,-1.8162797308398482,Starting sample 1,NA,Starting sample 1 + NA,Sporobacter,Ruminococcaceae
RBIinput_1,Otu140,8840,0.0014786760362984859,0.006390255725646047,0.015902052384108665,0.0014786760362984859,-2.8301269653265093,-2.8301269653265093,Starting sample 1,NA,Starting sample 1 + NA,Monoglobus,Ruminococcaceae
RBIinput_1,Otu112,15208,0.002543858049776852,0.006390255725646047,0.027357286499719972,0.002543858049776852,-2.5945071264821955,-2.5945071264821955,Starting sample 1,NA,Starting sample 1 + NA,Oscillibacter,Ruminococcaceae
RBIinput_1,Otu6,359661,0.06016087125465494,0.006390255725646047,0.6469850749458038,0.06016087125465494,-1.220685882882686,-1.220685882882686,Starting sample 1,NA,Starting sample 1 + NA,Collinsella,Coriobacteriaceae
RBIinput_1,Otu31,48607,0.00813054367605888,0.006390255725646047,0.08743790274144456,0.008130543676058881,-2.0898804128785256,-2.089880412878526,Starting sample 1,NA,Starting sample 1 + NA,Sutterella,Sutterellaceae
RBIinput_1,Otu72,35738,0.005977932600139738,0.006390255725646047,0.06428818417457867,0.005977932600139738,-2.223448985842808,-2.223448985842808,Starting sample 1,NA,Starting sample 1 + NA,Faecalibacillus,Erysipelotrichaceae
RBIinput_1,Otu73,35284,0.005901991545786852,0.006390255725646047,0.06347149505892422,0.005901991545786852,-2.22900141693378,-2.22900141693378,Starting sample 1,NA,Starting sample 1 + NA,Sporobacter,Ruminococcaceae
RBIinput_1,Otu27,111938,0.018723986216196822,0.006390255725646047,0.20136243662583211,0.018723986216196826,-1.7276016872536246,-1.7276016872536246,Starting sample 1,NA,Starting sample 1 + NA,Faecalibacterium,Ruminococcaceae
RBIinput_1,Otu75,36197,0.006054710009716775,0.006390255725646047,0.06511386766375354,0.006054710009716775,-2.2179066525532556,-2.2179066525532556,Starting sample 1,NA,Starting sample 1 + NA,Methanobrevibacter,Methanobacteriaceae
RBIinput_1,Otu96,22418,0.0037498822830022006,0.006390255725646047,0.04032717311617059,0.0037498822830022,-2.42598236551095,-2.4259823655109494,Starting sample 1,NA,Starting sample 1 + NA,Fusicatenibacter,Lachnospiraceae
RBIinput_1,Otu23,80514,0.013467660903454332,0.006390255725646047,0.1448345979246748,0.013467660903454333,-1.870707827063619,-1.870707827063619,Starting sample 1,NA,Starting sample 1 + NA,Bifidobacterium,Bifidobacteriaceae
RBIinput_1,Otu170,6102,0.0010206879155535476,0.006390255725646047,0.010976733444324782,0.0010206879155535476,-2.991107027033194,-2.991107027033194,Starting sample 1,NA,Starting sample 1 + NA,Gemmiger,Ruminococcaceae
RBIinput_1,Otu76,32608,0.005454374229821383,0.006390255725646047,0.058657706350793586,0.005454374229821383,-2.2632550680132497,-2.2632550680132497,Starting sample 1,NA,Starting sample 1 + NA,Gemmiger,Ruminococcaceae
RBIinput_1,Otu115,14000,0.0023417946276220363,0.006390255725646047,0.025184245857185667,0.0023417946276220363,-2.6304511946613442,-2.6304511946613442,Starting sample 1,NA,Starting sample 1 + NA,Dorea,Lachnospiraceae
RBIinput_1,Otu114,14614,0.0024444990491477455,0.006390255725646047,0.026288754925493665,0.0024444990491477455,-2.6118101273303838,-2.6118101273303838,Starting sample 1,NA,Starting sample 1 + NA,Blautia,Lachnospiraceae
RBIinput_1,Otu79,30066,0.0050291712338631535,0.006390255725646047,0.05408496685301031,0.005029171233863154,-2.2985035772134617,-2.2985035772134617,Starting sample 1,NA,Starting sample 1 + NA,Bacteroides,Bacteroidaceae
RBIinput_1,Otu57,58253,0.009744040174490463,0.006390255725646047,0.10478984813704548,0.009744040174490463,-2.011260934119702,-2.011260934119702,Starting sample 1,NA,Starting sample 1 + NA,Faecalibacterium,Ruminococcaceae
RBIinput_1,Otu116,13658,0.0022845879302901264,0.006390255725646047,0.0245690307083887,0.0022845879302901264,-2.641192121957196,-2.641192121957196,Starting sample 1,NA,Starting sample 1 + NA,Merdimonas,Lachnospiraceae
RBIinput_1,Otu107,15840,0.002649573350109504,0.006390255725646047,0.0284941753127015,0.002649573350109504,-2.5768240530861073,-2.5768240530861073,Starting sample 1,NA,Starting sample 1 + NA,Clostridium_IV,Ruminococcaceae
RBIinput_1,Otu160,7028,0.0011755809030662622,0.006390255725646047,0.012642491420307206,0.0011755809030662625,-2.9297474775163246,-2.929747477516325,Starting sample 1,NA,Starting sample 1 + NA,Faecalicoccus,Erysipelotrichaceae
RBIinput_1,Otu133,9177,0.001535046378406245,0.006390255725646047,0.016508273159385207,0.001535046378406245,-2.813878498635241,-2.813878498635241,Starting sample 1,NA,Starting sample 1 + NA,Cohnella,Paenibacillaceae_1
RBIinput_1,Otu44,74366,0.012439278519838597,0.006390255725646047,0.1337751162439621,0.012439278519838597,-1.9052048080647708,-1.9052048080647708,Starting sample 1,NA,Starting sample 1 + NA,Agathobacter,Lachnospiraceae
RBIinput_1,Otu53,61754,0.010329656102440802,0.006390255725646047,0.11108770847604599,0.010329656102440804,-1.9859141368829367,-1.985914136882937,Starting sample 1,NA,Starting sample 1 + NA,Dorea,Lachnospiraceae
RBIinput_1,Otu52,28592,0.004782613713783519,0.006390255725646047,0.051433425539189476,0.004782613713783519,-2.3203346951780133,-2.3203346951780133,Starting sample 1,NA,Starting sample 1 + NA,Phocaeicola,Bacteroidaceae
RBIinput_1,Otu105,16624,0.002780713849256338,0.006390255725646047,0.0299044930807039,0.002780713849256338,-2.5558437001264798,-2.5558437001264798,Starting sample 1,NA,Starting sample 1 + NA,Eubacterium,Eubacteriaceae
RBIinput_1,Otu16,204557,0.034216463117320066,0.006390255725646047,0.3679724128434521,0.03421646311732007,-1.465764884567488,-1.4657648845674882,Starting sample 1,NA,Starting sample 1 + NA,Faecalibacterium,Ruminococcaceae
RBIinput_1,Otu171,6026,0.0010079753161464566,0.006390255725646047,0.010840018966814347,0.0010079753161464566,-2.9965501030022437,-2.9965501030022437,Starting sample 1,NA,Starting sample 1 + NA,Enterocloster,Lachnospiraceae
RBIinput_1,Otu89,24470,0.004093122466993659,0.006390255725646047,0.044018464008952374,0.004093122466993659,-2.387945260987793,-2.387945260987793,Starting sample 1,NA,Starting sample 1 + NA,Coprococcus,Lachnospiraceae
RBIinput_1,Otu101,11150,0.0018650721498561218,0.006390255725646047,0.0200574529505443,0.0018650721498561218,-2.7293043629554026,-2.7293043629554026,Starting sample 1,NA,Starting sample 1 + NA,Dialister,Veillonellaceae
RBIinput_1,Otu62,49181,0.008226557255791384,0.006390255725646047,0.08847045682158916,0.008226557255791384,-2.0847818753133254,-2.0847818753133254,Starting sample 1,NA,Starting sample 1 + NA,Butyrivibrio,Lachnospiraceae
RBIinput_1,Otu121,12990,0.0021728508723435893,0.006390255725646047,0.02336738240606013,0.0021728508723435893,-2.6629700792665543,-2.6629700792665543,Starting sample 1,NA,Starting sample 1 + NA,Intestinimonas,Ruminococcaceae
RBIinput_1,Otu139,7082,0.0011846135394870901,0.006390255725646047,0.01273963065432778,0.0011846135394870901,-2.92642330791749,-2.92642330791749,Starting sample 1,NA,Starting sample 1 + NA,Dorea,Lachnospiraceae
RBIinput_1,Otu39,13774,0.0023039913714904235,0.006390255725646047,0.024777700174062528,0.0023039913714904235,-2.637519151690281,-2.637519151690281,Starting sample 1,NA,Starting sample 1 + NA,Bacteroides,Bacteroidaceae
RBIinput_1,Otu43,95478,0.015970704818292627,0.006390255725646047,0.17175295899659807,0.015970704818292627,-1.796675917177687,-1.796675917177687,Starting sample 1,NA,Starting sample 1 + NA,Faecalibacterium,Ruminococcaceae
RBIinput_1,Otu137,8428,0.001409760365828466,0.006390255725646047,0.015160916006025774,0.001409760365828466,-2.8508547034035194,-2.8508547034035194,Starting sample 1,NA,Starting sample 1 + NA,Cohnella,Paenibacillaceae_1
RBIinput_1,Otu145,8099,0.001354728192079348,0.006390255725646047,0.014569086228381909,0.001354728192079348,-2.8681478313735758,-2.8681478313735758,Starting sample 1,NA,Starting sample 1 + NA,Lachnospira,Lachnospiraceae
RBIinput_1,Otu132,9776,0.001635241734259502,0.006390255725646047,0.017585799107131934,0.001635241734259502,-2.7864180374411034,-2.7864180374411034,Starting sample 1,NA,Starting sample 1 + NA,Monoglobus,Ruminococcaceae
RBIinput_1,Otu86,26971,0.004511467350113853,0.006390255725646047,0.04851744964386819,0.004511467350113854,-2.3456821813123243,-2.3456821813123243,Starting sample 1,NA,Starting sample 1 + NA,Mediterraneibacter,Lachnospiraceae
RBIinput_1,Otu47,10087,0.0016872630292016771,0.006390255725646047,0.018145249140102276,0.0016872630292016774,-2.772817209511336,-2.772817209511336,Starting sample 1,NA,Starting sample 1 + NA,Bacteroides,Bacteroidaceae
RBIinput_1,Otu82,30186,0.00504924375924277,0.006390255725646047,0.054300831817500464,0.00504924375924277,-2.2967736626301902,-2.2967736626301902,Starting sample 1,NA,Starting sample 1 + NA,Clostridium_IV,Ruminococcaceae
RBIinput_1,Otu46,71718,0.011996344793128371,0.006390255725646047,0.12901169602754584,0.011996344793128371,-1.9209510604515962,-1.9209510604515962,Starting sample 1,NA,Starting sample 1 + NA,Holdemanella,Erysipelotrichaceae
RBIinput_1,Otu127,11500,0.0019236170155466728,0.006390255725646047,0.020687059096973943,0.001923617015546673,-2.7158813899859706,-2.7158813899859706,Starting sample 1,NA,Starting sample 1 + NA,Gemmiger,Ruminococcaceae
RBIinput_1,Otu71,12492,0.002089549892018177,0.006390255725646047,0.022471542803425955,0.002089549892018177,-2.679947254781421,-2.679947254781421,Starting sample 1,NA,Starting sample 1 + NA,Ligilactobacillus,Lactobacillaceae
RBIinput_1,Otu60,52337,0.008754464673275323,0.006390255725646047,0.09414770538768044,0.008754464673275323,-2.0577704054401176,-2.0577704054401176,Starting sample 1,NA,Starting sample 1 + NA,Roseburia,Lachnospiraceae
RBIinput_1,Otu28,114731,0.01919117424440742,0.006390255725646047,0.20638669367434065,0.01919117424440742,-1.7168984514101977,-1.7168984514101977,Starting sample 1,NA,Starting sample 1 + NA,Massiliprevotella,Prevotellaceae
RBIinput_1,Otu97,10738,0.001796156479386102,0.006390255725646047,0.019316316572461408,0.001796156479386102,-2.745655830712363,-2.745655830712363,Starting sample 1,NA,Starting sample 1 + NA,Desulfovibrio,Desulfovibrionaceae
RBIinput_1,Otu59,15858,0.0026525842289164465,0.006390255725646047,0.028526555057375023,0.002652584228916447,-2.5763308168242283,-2.5763308168242283,Starting sample 1,NA,Starting sample 1 + NA,Ligilactobacillus,Lactobacillaceae
RBIinput_1,Otu131,9667,0.0016170091903730162,0.006390255725646047,0.017389721764386707,0.0016170091903730164,-2.791287511746694,-2.791287511746694,Starting sample 1,NA,Starting sample 1 + NA,Novispirillum,Kiloniellaceae
RBIinput_1,Otu154,6980,0.0011675518929144153,0.006390255725646047,0.01255614543451114,0.0011675518929144153,-2.932723807716421,-2.932723807716421,Starting sample 1,NA,Starting sample 1 + NA,Lachnospiracea_incertae_sedis,Lachnospiraceae
RBIinput_1,Otu117,13449,0.002249628281920626,0.006390255725646047,0.024193065895235004,0.002249628281920626,-2.647889236754128,-2.647889236754128,Starting sample 1,NA,Starting sample 1 + NA,Coprococcus,Lachnospiraceae
RBIinput_1,Otu100,14891,0.002490833128565696,0.006390255725646047,0.02678704321852513,0.0024908331285656963,-2.6036553667110374,-2.6036553667110374,Starting sample 1,NA,Starting sample 1 + NA,Slackia,Eggerthellaceae
RBIinput_1,Otu51,9247,0.001546755351544355,0.006390255725646047,0.016634194388671135,0.0015467553515443552,-2.8105783727107982,-2.8105783727107982,Starting sample 1,NA,Starting sample 1 + NA,Bacteroides,Bacteroidaceae
RBIinput_1,Otu81,29982,0.005015120466097421,0.006390255725646047,0.053933861377867195,0.005015120466097422,-2.2997186305133517,-2.2997186305133517,Starting sample 1,NA,Starting sample 1 + NA,Roseburia,Lachnospiraceae
RBIinput_1,Otu163,6611,0.0011058288773720915,0.006390255725646047,0.011892360668703889,0.0011058288773720915,-2.956312073178618,-2.956312073178618,Starting sample 1,NA,Starting sample 1 + NA,Enterocloster,Lachnospiraceae
RBIinput_1,Otu110,14219,0.002378426986439838,0.006390255725646047,0.025578199417380213,0.002378426986439838,-2.62371017612257,-2.62371017612257,Starting sample 1,NA,Starting sample 1 + NA,Kineothrix,Lachnospiraceae
RBIinput_1,Otu161,6898,0.0011538356672383433,0.006390255725646047,0.012408637708776196,0.0011538356672383433,-2.93785604030821,-2.93785604030821,Starting sample 1,NA,Starting sample 1 + NA,Adlercreutzia,Eggerthellaceae
RBIinput_1,Otu149,7114,0.0011899662129216547,0.006390255725646047,0.012797194644858487,0.0011899662129216547,-2.9244653694898206,-2.9244653694898206,Starting sample 1,NA,Starting sample 1 + NA,Sporobacter,Ruminococcaceae
RBIinput_1,Otu22,78192,0.013079257537358733,0.006390255725646047,0.1406576108617901,0.01307925753735873,-1.8834169086554857,-1.8834169086554857,Starting sample 1,NA,Starting sample 1 + NA,Phocaeicola,Bacteroidaceae
RBIinput_1,Otu151,7114,0.0011899662129216547,0.006390255725646047,0.012797194644858487,0.0011899662129216547,-2.9244653694898206,-2.9244653694898206,Starting sample 1,NA,Starting sample 1 + NA,Hespellia,Lachnospiraceae
RBIinput_1,Otu164,6119,0.00102353152331566,0.006390255725646047,0.01100731431429422,0.00102353152331566,-2.9898987771429333,-2.9898987771429333,Starting sample 1,NA,Starting sample 1 + NA,Spiroplasma,Clostridiaceae_3
RBIinput_1,Otu157,6985,0.001168388248138566,0.006390255725646047,0.012565139808031563,0.001168388248138566,-2.9324128198893815,-2.9324128198893815,Starting sample 1,NA,Starting sample 1 + NA,Hungatella,Lachnospiraceae
RBIinput_1,Otu113,13884,0.0023223911864217396,0.006390255725646047,0.024975576391511847,0.0023223911864217396,-2.6340646253402076,-2.6340646253402076,Starting sample 1,NA,Starting sample 1 + NA,Ruminiclostridium,Ruminococcaceae
RBIinput_1,Otu68,39467,0.006601686326311351,0.006390255725646047,0.0709961879461105,0.006601686326311352,-2.1803451146601147,-2.1803451146601147,Starting sample 1,NA,Starting sample 1 + NA,Ruminococcus,Ruminococcaceae
RBIinput_1,Otu80,19449,0.003253254550901499,0.006390255725646047,0.034986314119743143,0.0032532545509014986,-2.487681954017016,-2.487681954017016,Starting sample 1,NA,Starting sample 1 + NA,Bacteroides,Bacteroidaceae
RBIinput_1,Otu7,331211,0.05540201002923731,0.006390255725646047,0.5958070896145945,0.055402010029237315,-1.256474478434558,-1.256474478434558,Starting sample 1,NA,Starting sample 1 + NA,Prevotella,Prevotellaceae
RBIinput_1,Otu34,102548,0.017153311105241757,0.006390255725646047,0.18447100315447687,0.017153311105241757,-1.7656520356248004,-1.7656520356248004,Starting sample 1,NA,Starting sample 1 + NA,Blautia,Lachnospiraceae
RBIinput_1,Otu129,11276,0.00188614830150472,0.006390255725646047,0.02028411116325897,0.00188614830150472,-2.7244241631400175,-2.7244241631400175,Starting sample 1,NA,Starting sample 1 + NA,Vampirovibrio,Bdellovibrionaceae
RBIinput_1,Otu70,10014,0.0016750522429290766,0.006390255725646047,0.018013931286704095,0.001675052242929077,-2.7759716432766917,-2.7759716432766917,Starting sample 1,NA,Starting sample 1 + NA,Bacteroides,Bacteroidaceae
RBIinput_1,Otu102,18794,0.003143692016537754,0.006390255725646047,0.033808051188567674,0.003143692016537754,-2.5025600078202523,-2.5025600078202523,Starting sample 1,NA,Starting sample 1 + NA,Spiroplasma,Spiroplasmataceae
RBIinput_1,Otu93,22633,0.0037858455576406823,0.006390255725646047,0.040713931177548804,0.0037858455576406823,-2.4218371069154143,-2.4218371069154143,Starting sample 1,NA,Starting sample 1 + NA,Ruminococcus,Ruminococcaceae
RBIinput_1,Otu130,9424,0.0015763623264792909,0.006390255725646047,0.016952595211294125,0.0015763623264792909,-2.802343952896556,-2.802343952896556,Starting sample 1,NA,Starting sample 1 + NA,Clostridium_IV,Ruminococcaceae
RBIinput_1,Otu120,12020,0.0020105979588583484,0.006390255725646047,0.02162247394309798,0.0020105979588583484,-2.6966747626728615,-2.6966747626728615,Starting sample 1,NA,Starting sample 1 + NA,Negativibacillus,Ruminococcaceae
RBIinput_1,Otu83,26692,0.004464798728606242,0.006390255725646047,0.04801556360142856,0.004464798728606242,-2.3501981141608486,-2.3501981141608486,Starting sample 1,NA,Starting sample 1 + NA,Alistipes,Rikenellaceae
RBIinput_1,Otu159,6546,0.001094956259458132,0.006390255725646047,0.011775433812938383,0.001094956259458132,-2.960603229367597,-2.960603229367597,Starting sample 1,NA,Starting sample 1 + NA,Anaerostipes,Lachnospiraceae
RBIinput_1,Otu104,17250,0.002885425523320009,0.006390255725646047,0.031030588645460908,0.002885425523320009,-2.5397901309302893,-2.5397901309302893,Starting sample 1,NA,Starting sample 1 + NA,Prevotellamassilia,Prevotellaceae
RBIinput_1,Otu119,14446,0.0024163975136162813,0.006390255725646047,0.02598654397520744,0.0024163975136162813,-2.616831619815309,-2.616831619815309,Starting sample 1,NA,Starting sample 1 + NA,Fusicatenibacter,Lachnospiraceae
RBIinput_1,Otu141,9318,0.0015586315957272954,0.006390255725646047,0.016761914492661147,0.0015586315957272954,-2.80725652422738,-2.80725652422738,Starting sample 1,NA,Starting sample 1 + NA,Blautia,Lachnospiraceae
RBIinput_1,Otu87,25687,0.004296691328551946,0.006390255725646047,0.046207694523823443,0.004296691328551946,-2.366865844622283,-2.366865844622283,Starting sample 1,NA,Starting sample 1 + NA,Lachnospiracea_incertae_sedis,Lachnospiraceae
RBIinput_1,Otu143,8738,0.001461614389725811,0.006390255725646047,0.015718567164292027,0.001461614389725811,-2.8351671899660325,-2.8351671899660325,Starting sample 1,NA,Starting sample 1 + NA,Lachnobacterium,Lachnospiraceae
RBIinput_1,Otu153,7179,0.0012008388308356141,0.006390255725646047,0.012914121500623993,0.0012008388308356141,-2.9205152770064826,-2.9205152770064826,Starting sample 1,NA,Starting sample 1 + NA,Anaerofilum,Ruminococcaceae
RBIinput_1,Otu136,8503,0.0014223056941907268,0.006390255725646047,0.015295831608832125,0.0014223056941907268,-2.847007051263032,-2.847007051263032,Starting sample 1,NA,Starting sample 1 + NA,Odoribacter,Odoribacteraceae
RBIinput_1,Otu156,6785,0.001134934039172537,0.006390255725646047,0.012205364867214626,0.001134934039172537,-2.9450293783438264,-2.9450293783438264,Starting sample 1,NA,Starting sample 1 + NA,Lachnospira,Lachnospiraceae
RBIinput_1,Otu88,8514,0.0014241456756838584,0.006390255725646047,0.015315619230577055,0.0014241456756838584,-2.8464455844984644,-2.8464455844984644,Starting sample 1,NA,Starting sample 1 + NA,Senegalimassilia,Coriobacteriaceae
RBIinput_1,Otu165,6589,0.0011021489143858284,0.006390255725646047,0.011852785425214027,0.0011021489143858284,-2.9577597227920456,-2.9577597227920456,Starting sample 1,NA,Starting sample 1 + NA,Blautia,Lachnospiraceae
RBIinput_1,Otu172,5782,9.67161181207901e-4,0.006390255725646047,0.010401093539017681,9.671611812079011e-4,-3.014501143004943,-3.014501143004943,Starting sample 1,NA,Starting sample 1 + NA,Lachnospiracea_incertae_sedis,Lachnospiraceae
RBIinput_1,Otu126,11280,0.0018868173856840407,0.006390255725646047,0.020291306662075313,0.0018868173856840412,-2.7242701306922585,-2.7242701306922585,Starting sample 1,NA,Starting sample 1 + NA,Butyrivibrio,Lachnospiraceae
RBIinput_1,Otu134,9446,0.001580042289465554,0.006390255725646047,0.016992170454783986,0.0015800422894655538,-2.801331289098901,-2.801331289098901,Starting sample 1,NA,Starting sample 1 + NA,Fusicatenibacter,Lachnospiraceae
RBIinput_1,Otu167,6582,0.0011009780170720175,0.006390255725646047,0.011840193302285433,0.0011009780170720175,-2.9582213523812273,-2.9582213523812273,Starting sample 1,NA,Starting sample 1 + NA,Clostridium_IV,Ruminococcaceae
RBIinput_1,Otu162,6684,0.0011180396636446923,0.006390255725646047,0.012023678522102073,0.0011180396636446923,-2.9515427891182284,-2.9515427891182284,Starting sample 1,NA,Starting sample 1 + NA,Bacteroides,Prevotellaceae
RBIinput_1,Otu108,16356,0.002735885209241859,0.006390255725646047,0.0294223946600092,0.0027358852092418595,-2.5629021284572837,-2.5629021284572837,Starting sample 1,NA,Starting sample 1 + NA,Faecalibacterium,Ruminococcaceae
RBIinput_1,Otu148,7652,0.001279958035040273,0.006390255725646047,0.013764989235656052,0.001279958035040273,-2.892804268984324,-2.892804268984324,Starting sample 1,NA,Starting sample 1 + NA,Faecalibacterium,Ruminococcaceae
